{
  "project": {
    "version": "1.0.0-beta.15",
    "name": "dashboard"
  },
  "apps": [{
    "root": "src",
    "outDir": "dist",
    "assets": "assets",
    "index": "index.html",
    "main": "main-polymer.ts",
    "test": "test.ts",
    "tsconfig": "tsconfig.json",
    "prefix": "app",
    "mobile": false,
    "styles": [
      "styles.css",
      "../node_modules/material-design-lite/dist/material.deep_purple-amber.min.css"
    ],
    "scripts": [
      "../node_modules/material-design-lite/material.min.js"
    ],
    "environments": {
      "source": "environments/environment.ts",
      "dev": "environments/environment.ts",
      "prod": "environments/environment.prod.ts"
    }
  }],
  "addons": [],
  "packages": [],
  "e2e": {
    "protractor": {
      "config": "./protractor.conf.js"
    }
  },
  "test": {
    "karma": {
      "config": "./karma.conf.js"
    }
  },
  "defaults": {
    "styleExt": "css",
    "prefixInterfaces": false
  }
}
