{
  "rules": {
    ".read": "auth != null",
    ".write": "auth != null",
    "avaliacao": {
      "$key_avaliacao": {
        ".validate": "newData.hasChildren(['descricao']) && newData.child('descricao').exists() && newData.child('descricao').val().length > 0 && newData.child('nota').isNumber() && newData.child('nota').val() >= 1 && newData.child('nota').val() <= 5"
      }
    },
    "caracteristica": {
      "$key_caracteristica": {
        ".validate": "newData.hasChildren(['descricao', 'tipo_dado']) && newData.child('descricao').exists() && newData.child('descricao').val().length > 0 && newData.child('tipo_dado').exists() && newData.child('tipo_dado').val().length > 0"
      }
    },
    "caracteristica_tipo_ponto_interesse": {
      "$key_caracteristica_tipo_ponto_interesse": {
        ".validate": "newData.hasChildren(['obrigatorio', 'valor', 'tipo_ponto_interesse', 'caracteristica']) && newData.child('obrigatorio').exists() && newData.child('valor').exists() && newData.child('valor').val().length > 0 && newData.child('tipo_ponto_interesse').exists() && newData.child('tipo_ponto_interesse').val().length > 0 && newData.child('caracteristica').exists() && newData.child('caracteristica').val().length > 0"
      }
    },
    "tipo_agenda": {
      "$key_tipo_agenda": {
        ".validate": "newData.hasChildren(['descricao']) && newData.child('descricao').exists() && newData.child('descricao').val().length > 0"
      }
    },
    "tipo_dado": {
      "$key_tipo_dado": {
        ".validate": "newData.hasChildren(['descricao']) && newData.child('descricao').exists() && newData.child('descricao').val().length > 0"
      }
    },
    "tipo_ponto_interesse": {
      "$key_tipo_ponto_interesse": {
        ".validate": "newData.hasChildren(['descricao']) && newData.child('descricao').exists() && newData.child('descricao').val().length > 0"
      }
    },
    "tipo_transporte": {
      "$key_tipo_transporte": {
        ".validate": "newData.hasChildren(['descricao']) && newData.child('descricao').exists() && newData.child('descricao').val().length > 0"
      }
    },
    "transporte": {
      "$key_transporte": {
        ".validate": "newData.hasChildren(['descricao', 'tipo_transporte']) && newData.child('descricao').exists() && newData.child('descricao').val().length > 0 && newData.child('tipo_transporte').exists() && newData.child('tipo_transporte').val().length > 0"
      }
    }
  }
}