[
    {
        "name": "Universidade Federal de São Carlos, Campus São Carlos",
        "lat": -21.980675,
        "lng": -47.882036,
        "center": false
    },
    {
        "name": "Universidade de São Paulo, São Carlos, Campus - Área 1",
        "lat": -22.007158,
        "lng": -47.896890,
        "center": true
    },
    {
        "name": "Universidade de São Paulo, São Carlos, Campus - Área 2",
        "lat": -22.002059,
        "lng":  -47.930817,
        "center": false
    }
]