[
  {
    "id": 1,
    "usuario": {
      "id": 1
    },
    "tipoPontoInteresse": {
      "id": 1
    }
  },
  {
    "id": 2,
    "usuario": {
      "id": 1
    },
    "tipoPontoInteresse": {
      "id": 3
    }
  },
  {
    "id": 3,
    "usuario": {
      "id": 2
    },
    "tipoPontoInteresse": {
      "id": 1
    }
  },
  {
    "id": 4,
    "usuario": {
      "id": 2
    },
    "tipoPontoInteresse": {
      "id": 2
    }
  },
  {
    "id": 5,
    "usuario": {
      "id": 2
    },
    "tipoPontoInteresse": {
      "id": 3
    }
  },
  {
    "id": 6,
    "usuario": {
      "id": 2
    },
    "tipoPontoInteresse": {
      "id": 4
    }
  },
  {
    "id": 7,
    "usuario": {
      "id": 2
    },
    "tipoPontoInteresse": {
      "id": 5
    }
  }
]