[
  {
    "id": 1,
    "tipo_ponto_interesse": 2,
    "descricao": "Centro de Eventos Anhembi",
    "localizacao": "-23.5162585,-46.6454142",
    "observacao": "Exposição de Computadores Antigos"
  },
  {
    "id": 2,
    "tipo_ponto_interesse": 1,
    "descricao": "Sushi Do",
    "localizacao": "-22.0096824,-47.8909733",
    "observacao": "Com os amigos"
  },
  {
    "id": 3,
    "tipo_ponto_interesse": 3,
    "descricao": "Slaviero Executive São Carlos",
    "localizacao": "-21.9876681,-47.896944",
    "observacao": null
  }
]
