[
  {
    "id": 1,
    "rotaPai": {
      "id": 1
    },
    "agenda": {
      "id": 1
    },
    "pontoInteresse": {
      "id": 1
    },
    "transporte": {
      "id": 2
    },
    "dataSaida": "2016-05-30 10:00:00",
    "dataChegada": "2016-05-31 12:00:00",
    "pontoPartida": "Rua Seis, 309, Rincão - SP",
    "pontoChegada": "Avenida Olavo Fontoura, 23 - Santana, São Paulo - SP",
    "pontoPartidaGeoLoc": "-21.5892048,-48.0721422",
    "pontoChegadaGeoLoc": "-23.5162585,-46.6454142",
    "distancia": "291 km",
    "duracao": "5 hrs"
  },
  {
    "id": 2,
    "rotaPai": {
      "id": 1
    },
    "agenda": {
      "id": 1
    },
    "pontoInteresse": {
      "id": 2
    },
    "transporte": {
      "id": 1
    },
    "dataSaida": "2016-05-30 10:00:00",
    "dataChegada": "2016-05-30 12:00:00",
    "pontoPartida": "R. Seis, 309 Rincão - SP",
    "pontoChegada": "Av. São Carlos, 2681 - Centro São Carlos - SP",
    "pontoPartidaGeoLoc": "-21.5892048,-48.0721422",
    "pontoChegadaGeoLoc": "-22.0096824,-47.8909733",
    "distancia": "35 km",
    "duracao": "45 min"
  },
  {
    "id": 3,
    "rotaPai": {
      "id": 1
    },
    "agenda": {
      "id": 1
    },
    "pontoInteresse": {
      "id": 3
    },
    "transporte": {
      "id": 2
    },
    "dataSaida": "2016-05-30 13:00:00",
    "dataChegada": "2016-05-30 15:00:00",
    "pontoPartida": "Av. São Carlos, 2681 - Centro São Carlos - SP",
    "pontoChegada": "Rod. Washington Luís, 4550 - Ceat São Carlos - SP",
    "pontoPartidaGeoLoc": "-22.0096824,-47.8909733",
    "pontoChegadaGeoLoc": "-21.9876681,-47.896944",
    "distancia": "48 km",
    "duracao": "30 min"
  },
  {
    "id": 4,
    "rotaPai": {
      "id": 1
    },
    "agenda": {
      "id": 1
    },
    "pontoInteresse": {
      "id": 1
    },
    "transporte": {
      "id": 3
    },
    "dataSaida": "2016-05-31 08:00:00",
    "dataChegada": "2016-05-31 12:00:00",
    "pontoPartida": "Rod. Washington Luís, 4550 - Ceat São Carlos - SP",
    "pontoChegada": "Av. Olavo Fontoura, 23 - Santana,São Paulo - SP",
    "pontoPartidaGeoLoc": "-21.9876681,-47.896944",
    "pontoChegadaGeoLoc": "-23.5162585,-46.6454142",
    "distancia": "233 km",
    "duracao": "4 hrs"
  }
]